Name,Platform,Year of Release,Genre,NA sales,EU sales,JP sales,Other sales,Critic Score,User Score,Rating
Wii Sports,Wii,2006.0,Sports,41.36,28.96,3.77,8.45,76.0,8,E
Super Mario Bros.,NES,1985.0,Platform,29.08,3.58,6.81,0.77,,,
Mario Kart Wii,Wii,2008.0,Racing,15.68,12.76,3.79,3.29,82.0,8.3,E
Wii Sports Resort,Wii,2009.0,Sports,15.61,10.93,3.28,2.95,80.0,8,E
Pokemon Red/Pokemon Blue,GB,1996.0,Role-Playing,11.27,8.89,10.22,1.0,,,
Tetris,GB,1989.0,Puzzle,23.2,2.26,4.22,0.58,,,
New Super Mario Bros.,DS,2006.0,Platform,11.28,9.14,6.5,2.88,89.0,8.5,E
Wii Play,Wii,2006.0,Misc,13.96,9.18,2.93,2.84,58.0,6.6,E
New Super Mario Bros. Wii,Wii,2009.0,Platform,14.44,6.94,4.7,2.24,87.0,8.4,E
Duck Hunt,NES,1984.0,Shooter,26.93,0.63,0.28,0.47,,,
Nintendogs,DS,2005.0,Simulation,9.05,10.95,1.93,2.74,,,
Mario Kart DS,DS,2005.0,Racing,9.71,7.47,4.13,1.9,91.0,8.6,E
Pokemon Gold/Pokemon Silver,GB,1999.0,Role-Playing,9.0,6.18,7.2,0.71,,,
Wii Fit,Wii,2007.0,Sports,8.92,8.03,3.6,2.15,80.0,7.7,E
Kinect Adventures!,X360,2010.0,Misc,15.0,4.89,0.24,1.69,61.0,6.3,E
Wii Fit Plus,Wii,2009.0,Sports,9.01,8.49,2.53,1.77,80.0,7.4,E
Grand Theft Auto V,PS3,2013.0,Action,7.02,9.09,0.98,3.96,97.0,8.2,M
Grand Theft Auto: San Andreas,PS2,2004.0,Action,9.43,0.4,0.41,10.57,95.0,9,M
Super Mario World,SNES,1990.0,Platform,12.78,3.75,3.54,0.55,,,
Brain Age: Train Your Brain in Minutes a Day,DS,2005.0,Misc,4.74,9.2,4.16,2.04,77.0,7.9,E
Pokemon Diamond/Pokemon Pearl,DS,2006.0,Role-Playing,6.38,4.46,6.04,1.36,,,
Super Mario Land,GB,1989.0,Platform,10.83,2.71,4.18,0.42,,,
Super Mario Bros. 3,NES,1988.0,Platform,9.54,3.44,3.84,0.46,,,
Grand Theft Auto V,X360,2013.0,Action,9.66,5.14,0.06,1.41,97.0,8.1,M
Grand Theft Auto: Vice City,PS2,2002.0,Action,8.41,5.49,0.47,1.78,95.0,8.7,M
Pokemon Ruby/Pokemon Sapphire,GBA,2002.0,Role-Playing,6.06,3.9,5.38,0.5,,,
Brain Age 2: More Training in Minutes a Day,DS,2005.0,Puzzle,3.43,5.35,5.32,1.18,77.0,7.1,E
Pokemon Black/Pokemon White,DS,2010.0,Role-Playing,5.51,3.17,5.65,0.8,,,
Gran Turismo 3: A-Spec,PS2,2001.0,Racing,6.85,5.09,1.87,1.16,95.0,8.4,E
Call of Duty: Modern Warfare 3,X360,2011.0,Shooter,9.04,4.24,0.13,1.32,88.0,3.4,M
Pokémon Yellow: Special Pikachu Edition,GB,1998.0,Role-Playing,5.89,5.04,3.12,0.59,,,
Call of Duty: Black Ops 3,PS4,2015.0,Shooter,6.03,5.86,0.36,2.38,,,
Call of Duty: Black Ops,X360,2010.0,Shooter,9.7,3.68,0.11,1.13,87.0,6.3,M
Pokemon X/Pokemon Y,3DS,2013.0,Role-Playing,5.28,4.19,4.35,0.78,,,
Call of Duty: Black Ops II,PS3,2012.0,Shooter,4.99,5.73,0.65,2.42,83.0,5.3,M
Call of Duty: Black Ops II,X360,2012.0,Shooter,8.25,4.24,0.07,1.12,83.0,4.8,M
Call of Duty: Modern Warfare 2,X360,2009.0,Shooter,8.52,3.59,0.08,1.28,94.0,6.3,M
Call of Duty: Modern Warfare 3,PS3,2011.0,Shooter,5.54,5.73,0.49,1.57,88.0,3.2,M
Grand Theft Auto III,PS2,2001.0,Action,6.99,4.51,0.3,1.3,97.0,8.5,M
Super Smash Bros. Brawl,Wii,2008.0,Fighting,6.62,2.55,2.66,1.01,93.0,8.9,T
Mario Kart 7,3DS,2011.0,Racing,5.03,4.02,2.69,0.91,85.0,8.2,E
Call of Duty: Black Ops,PS3,2010.0,Shooter,5.99,4.37,0.48,1.79,88.0,6.4,M
Grand Theft Auto V,PS4,2014.0,Action,3.96,6.31,0.38,1.97,97.0,8.3,M
Animal Crossing: Wild World,DS,2005.0,Simulation,2.5,3.45,5.33,0.86,86.0,8.7,E
Halo 3,X360,2007.0,Shooter,7.97,2.81,0.13,1.21,94.0,7.8,M
Super Mario 64,N64,1996.0,Platform,6.91,2.85,1.91,0.23,,,
Pokemon HeartGold/Pokemon SoulSilver,DS,2009.0,Action,4.34,2.71,3.96,0.76,,,
Pokemon Omega Ruby/Pokemon Alpha Sapphire,3DS,2014.0,Role-Playing,4.35,3.49,3.1,0.74,,,
Gran Turismo 4,PS2,2004.0,Racing,3.01,0.01,1.1,7.53,89.0,8.5,E
Super Mario Galaxy,Wii,2007.0,Platform,6.06,3.35,1.2,0.74,97.0,8.9,E
Super Mario Land 2: 6 Golden Coins,GB,1992.0,Adventure,6.16,2.04,2.69,0.29,,,
Grand Theft Auto IV,X360,2008.0,Action,6.76,3.07,0.14,1.03,98.0,7.9,M
Gran Turismo,PS,1997.0,Racing,4.02,3.87,2.54,0.52,96.0,8.7,E
Super Mario 3D Land,3DS,2011.0,Platform,4.89,3.0,2.14,0.78,90.0,8.4,E
Gran Turismo 5,PS3,2010.0,Racing,2.96,4.82,0.81,2.11,84.0,7.5,E
Call of Duty: Modern Warfare 2,PS3,2009.0,Shooter,4.99,3.64,0.38,1.6,94.0,6.3,M
Super Mario All-Stars,SNES,1993.0,Platform,5.99,2.15,2.12,0.29,,,
Grand Theft Auto IV,PS3,2008.0,Action,4.76,3.69,0.44,1.61,98.0,7.5,M
Pokemon FireRed/Pokemon LeafGreen,GBA,2004.0,Role-Playing,4.34,2.65,3.15,0.35,,,
Super Mario 64,DS,2004.0,Platform,5.01,3.07,1.25,0.97,,,
Call of Duty: Ghosts,X360,2013.0,Shooter,6.73,2.56,0.04,0.91,73.0,2.6,M
Just Dance 3,Wii,2011.0,Misc,5.95,3.11,0.0,1.06,74.0,7.8,E10+
New Super Mario Bros. 2,3DS,2012.0,Platform,3.66,3.14,2.47,0.63,78.0,7.2,E
Mario Kart 64,N64,1996.0,Racing,5.55,1.94,2.23,0.15,,,
Halo: Reach,X360,2010.0,Shooter,7.04,1.95,0.08,0.79,91.0,7.9,M
Final Fantasy VII,PS,1997.0,Role-Playing,3.01,2.47,3.28,0.96,92.0,9.2,T
Halo 4,X360,2012.0,Shooter,6.65,2.28,0.04,0.74,87.0,7,M
Gran Turismo 2,PS,1999.0,Racing,3.88,3.42,1.69,0.5,93.0,9,T
Just Dance 2,Wii,2010.0,Misc,5.8,2.85,0.01,0.78,74.0,7.3,E10+
Call of Duty: Ghosts,PS3,2013.0,Shooter,4.1,3.63,0.38,1.25,71.0,2.6,M
Call of Duty 4: Modern Warfare,X360,2007.0,Shooter,5.93,2.36,0.13,0.9,94.0,8.4,M
Donkey Kong Country,SNES,1994.0,Platform,4.36,1.71,3.0,0.23,,,
Minecraft,X360,2013.0,Misc,5.7,2.65,0.02,0.81,,,
Animal Crossing: New Leaf,3DS,2012.0,Simulation,2.03,2.36,4.39,0.39,88.0,8.7,E
Mario Party DS,DS,2007.0,Misc,4.4,1.85,1.98,0.68,72.0,7.8,E
The Elder Scrolls V: Skyrim,X360,2011.0,Role-Playing,5.05,2.79,0.1,0.85,96.0,8.4,M
Super Mario Kart,SNES,1992.0,Racing,3.54,1.24,3.81,0.18,,,
FIFA 16,PS4,2015.0,Sports,1.12,6.12,0.06,1.28,82.0,4.3,E
Halo 2,XB,2004.0,Shooter,6.82,1.53,0.05,0.08,95.0,8.2,M
Wii Party,Wii,2010.0,Misc,1.75,3.47,2.49,0.67,68.0,7.4,E
Mario Party 8,Wii,2007.0,Misc,3.74,2.24,1.58,0.7,62.0,6.3,E
FIFA Soccer 13,PS3,2012.0,Action,1.06,5.01,0.13,1.97,88.0,6.6,E
GoldenEye 007,N64,1997.0,Shooter,5.8,2.01,0.13,0.15,,,
Pokemon Black 2/Pokemon White 2,DS,2012.0,Role-Playing,2.79,1.72,3.14,0.41,,,
Final Fantasy X,PS2,2001.0,Role-Playing,2.91,2.07,2.73,0.33,92.0,8.7,T
The Sims 3,PC,2009.0,Simulation,0.99,6.42,0.0,0.6,86.0,7.6,T
Mario & Sonic at the Olympic Games,Wii,2007.0,Sports,2.57,3.86,0.66,0.91,,,
Star Wars Battlefront (2015),PS4,2015.0,Shooter,2.99,3.49,0.22,1.28,,,
Final Fantasy VIII,PS,1999.0,Role-Playing,2.28,1.72,3.63,0.23,90.0,8.6,T
Pac-Man,2600,1982.0,Puzzle,7.28,0.45,0.0,0.08,,,
Pokémon Platinum Version,DS,2008.0,Role-Playing,2.76,1.72,2.69,0.54,83.0,8.5,E
Grand Theft Auto: Liberty City Stories,PSP,2005.0,Action,2.9,2.81,0.24,1.73,88.0,7.6,M
Call of Duty: Advanced Warfare,PS4,2014.0,Shooter,2.81,3.48,0.14,1.23,83.0,5.7,M
The Legend of Zelda: Ocarina of Time,N64,1998.0,Action,4.1,1.89,1.45,0.16,,,
FIFA 17,PS4,2016.0,Sports,0.66,5.75,0.08,1.11,85.0,5,E
Crash Bandicoot 2: Cortex Strikes Back,PS,1997.0,Platform,3.78,2.17,1.31,0.31,,,
Super Smash Bros. for Wii U and 3DS,3DS,2014.0,Fighting,3.27,1.37,2.43,0.48,,,
Super Mario Galaxy 2,Wii,2010.0,Platform,3.56,2.35,0.98,0.62,97.0,9.1,E
Super Mario Bros. 2,NES,1988.0,Platform,5.39,1.18,0.7,0.19,,,
Call of Duty: Black Ops 3,XOne,2015.0,Shooter,4.59,2.11,0.01,0.68,,,
Call of Duty: World at War,X360,2008.0,Shooter,4.81,1.88,0.0,0.69,84.0,7.6,M
Battlefield 3,X360,2011.0,Shooter,4.46,2.11,0.06,0.69,84.0,7.4,M
Need for Speed Underground,PS2,2003.0,Racing,3.27,2.83,0.08,1.02,85.0,8.6,E
Just Dance,Wii,2009.0,Misc,3.48,2.99,0.0,0.73,49.0,8,E10+
Battlefield 3,PS3,2011.0,Shooter,2.85,2.89,0.35,1.08,85.0,7.5,M
Fallout 4,PS4,2015.0,Role-Playing,2.53,3.27,0.24,1.13,87.0,6.5,M
Tekken 3,PS,1998.0,Fighting,3.27,2.22,1.4,0.29,96.0,9.1,T
The Legend of Zelda: Twilight Princess,Wii,2006.0,Action,3.74,2.14,0.6,0.68,95.0,9,T
Pokemon Sun/Moon,3DS,2016.0,Role-Playing,2.98,1.45,2.26,0.45,,,
Crash Bandicoot 3: Warped,PS,1998.0,Platform,3.68,1.75,1.42,0.28,91.0,8.9,E
Mario Kart 8,WiiU,2014.0,Racing,3.15,2.15,1.28,0.51,88.0,9.1,E
Super Smash Bros. Melee,GC,2001.0,Fighting,4.41,1.04,1.39,0.22,92.0,9.1,T
Mario Kart: Double Dash!!,GC,2003.0,Racing,4.12,1.77,0.87,0.19,,,
Need for Speed Underground 2,PS2,2004.0,Racing,2.71,3.02,0.08,1.09,82.0,8.6,E
Medal of Honor: Frontline,PS2,2002.0,Shooter,2.93,2.75,0.17,0.99,88.0,8.5,T
Crash Bandicoot,PS,1996.0,Platform,3.23,2.35,0.94,0.3,,,
Just Dance 4,Wii,2012.0,Misc,4.05,2.16,0.0,0.55,74.0,7.3,E10+
Gears of War 2,X360,2008.0,Shooter,4.15,1.9,0.06,0.64,93.0,7.7,M
Uncharted 3: Drake's Deception,PS3,2011.0,Action,2.77,2.75,0.19,1.03,92.0,8.3,T
Zumba Fitness,Wii,2010.0,Sports,3.45,2.59,0.0,0.66,,tbd,E
Call of Duty 4: Modern Warfare,PS3,2007.0,Shooter,3.11,2.26,0.28,1.03,94.0,8.4,M
Uncharted 2: Among Thieves,PS3,2009.0,Action,3.27,2.2,0.21,0.98,96.0,8.8,T
FIFA 12,PS3,2011.0,Sports,0.84,4.3,0.11,1.39,,,
Big Brain Academy,DS,2005.0,Misc,1.66,2.75,1.6,0.62,74.0,7.4,E
The Legend of Zelda,NES,1986.0,Action,3.74,0.93,1.69,0.14,,,
Red Dead Redemption,PS3,2010.0,Action,2.79,2.53,0.17,0.99,95.0,8.8,M
FIFA 14,PS3,2013.0,Sports,0.78,4.24,0.07,1.37,86.0,4.3,E
Assassin's Creed III,PS3,2012.0,Action,2.64,2.52,0.16,1.12,85.0,6.9,M
Donkey Kong Country Returns,Wii,2010.0,Platform,3.17,1.79,1.03,0.46,87.0,8.6,E
Halo: Combat Evolved,XB,2001.0,Shooter,4.98,1.3,0.08,0.07,97.0,8.6,M
The Elder Scrolls V: Skyrim,PS3,2011.0,Role-Playing,2.55,2.6,0.25,1.0,92.0,6.4,M
Pokémon Emerald Version,GBA,2004.0,Role-Playing,2.57,1.58,2.06,0.21,76.0,9,E
Kingdom Hearts,PS2,2002.0,Role-Playing,3.64,1.2,1.49,0.07,85.0,8.8,E
Pokémon Crystal Version,GB,2000.0,Role-Playing,2.55,1.56,1.29,0.99,,,
Halo 3: ODST,X360,2009.0,Shooter,4.34,1.34,0.06,0.61,83.0,7.1,M
Red Dead Redemption,X360,2010.0,Action,3.7,1.95,0.09,0.58,95.0,9,M
Super Mario Sunshine,GC,2002.0,Platform,4.01,1.26,0.87,0.17,92.0,8.6,E
Street Fighter II: The World Warrior,SNES,1992.0,Fighting,2.47,0.83,2.87,0.12,,,
World of Warcraft,PC,2004.0,Role-Playing,0.08,6.21,0.0,0.0,93.0,7.3,T
Driver,PS,1999.0,Action,3.11,2.8,0.02,0.33,87.0,8.1,T
Gears of War 3,X360,2011.0,Shooter,4.05,1.59,0.07,0.5,91.0,7.8,M
Kinect Sports,X360,2010.0,Sports,3.92,1.73,0.03,0.51,73.0,7.4,E10+
Gears of War,X360,2006.0,Shooter,3.54,1.88,0.07,0.6,94.0,8.3,M
FIFA 15,PS4,2014.0,Sports,0.8,4.33,0.05,0.9,82.0,5.7,E
Metal Gear Solid 2: Sons of Liberty,PS2,2001.0,Action,2.45,2.01,0.87,0.72,96.0,8.7,M
Sonic the Hedgehog 2,GEN,1992.0,Platform,4.47,1.2,0.16,0.19,,,
Metal Gear Solid,PS,1998.0,Action,3.18,1.83,0.78,0.24,94.0,9.4,M
Metal Gear Solid 4: Guns of the Patriots,PS3,2008.0,Action,2.63,1.71,0.83,0.82,94.0,8.7,M
Final Fantasy XII,PS2,2006.0,Role-Playing,1.88,0.0,2.33,1.74,92.0,7.6,T
The Last of Us,PS3,2013.0,Action,2.41,2.18,0.28,0.99,95.0,9.1,M
LittleBigPlanet,PS3,2008.0,Platform,2.8,1.98,0.17,0.87,95.0,6.8,E
Resident Evil 2,PS,1998.0,Action,1.88,1.47,2.02,0.45,89.0,9.2,M
Dragon Quest IX: Sentinels of the Starry Skies,DS,2009.0,Role-Playing,0.63,0.67,4.35,0.15,87.0,8.8,E10+
Tekken 2,PS,1996.0,Fighting,2.26,1.89,1.36,0.23,89.0,8.9,T
Destiny,PS4,2014.0,Shooter,2.49,2.07,0.16,0.92,76.0,6.1,T
LEGO Star Wars: The Complete Saga,Wii,2007.0,Action,3.57,1.55,0.0,0.51,80.0,8.9,E10+
Cooking Mama,DS,2006.0,Simulation,3.07,1.91,0.07,0.57,67.0,7.2,E
Tetris,NES,1988.0,Puzzle,2.97,0.69,1.81,0.11,,,
Super Smash Bros.,N64,1999.0,Fighting,2.95,0.6,1.97,0.04,,,
Assassin's Creed II,PS3,2009.0,Action,2.54,1.93,0.21,0.86,91.0,8.6,M
Assassin's Creed,X360,2007.0,Adventure,3.28,1.64,0.07,0.56,81.0,7.7,M
Forza Motorsport 3,X360,2009.0,Racing,2.99,1.9,0.1,0.5,92.0,8,E
Super Mario Advance,GBA,2001.0,Platform,3.14,1.24,0.91,0.2,84.0,7.8,E
Monster Hunter Freedom Unite,PSP,2008.0,Role-Playing,0.47,0.55,4.13,0.34,81.0,8.7,T
Batman: Arkham City,PS3,2011.0,Action,2.71,1.85,0.11,0.81,96.0,8.6,T
Grand Theft Auto V,XOne,2014.0,Action,2.81,2.19,0.0,0.47,97.0,7.9,M
Mario Kart: Super Circuit,GBA,2001.0,Racing,2.62,1.64,0.99,0.23,93.0,8.3,E
Super Mario World,GBA,2001.0,Platform,3.21,1.11,0.95,0.2,,,
Pokemon Stadium,N64,1999.0,Strategy,3.18,1.24,0.94,0.09,,,
Crash Bandicoot: The Wrath of Cortex,PS2,2001.0,Platform,2.07,2.29,0.24,0.82,66.0,7.1,E
Call of Duty: World at War,PS3,2008.0,Shooter,2.73,1.83,0.0,0.83,85.0,7.6,M
Uncharted 4: A Thief's End,PS4,2016.0,Shooter,1.85,2.5,0.19,0.85,93.0,7.9,T
Dr. Mario,GB,1989.0,Puzzle,2.18,0.96,2.0,0.2,,,
Final Fantasy XIII,PS3,2009.0,Role-Playing,1.74,1.21,1.87,0.51,83.0,7.3,T
Pokemon Pinball,GB,1999.0,Misc,3.02,1.12,1.01,0.16,,,
Final Fantasy IX,PS,2000.0,Role-Playing,1.62,0.77,2.78,0.14,94.0,8.9,T
Assassin's Creed III,X360,2012.0,Action,3.13,1.69,0.03,0.44,84.0,6.7,M
Final Fantasy X-2,PS2,2003.0,Role-Playing,1.92,1.08,2.11,0.17,85.0,6.6,T
Donkey Kong 64,N64,1999.0,Platform,3.33,0.79,1.09,0.06,,,
Call of Duty: Advanced Warfare,XOne,2014.0,Shooter,3.22,1.55,0.01,0.48,81.0,5.4,M
Minecraft,PS3,2014.0,Misc,2.03,2.37,0.0,0.87,,,
Assassin's Creed II,X360,2009.0,Action,3.11,1.55,0.08,0.51,90.0,8.8,M
Tomb Raider II,PS,1997.0,Action,2.3,2.46,0.2,0.28,85.0,,T
Madden NFL 2004,PS2,,Sports,4.26,0.26,0.01,0.71,94.0,8.5,E
Tomodachi Life,3DS,2013.0,Simulation,0.97,2.11,1.9,0.24,,,
New Super Mario Bros. U,WiiU,2012.0,Platform,2.3,1.34,1.27,0.32,84.0,8.1,E
Dragon Quest VIII: Journey of the Cursed King,PS2,2004.0,Role-Playing,0.65,0.75,3.61,0.2,89.0,8.8,T
Super Mario Bros. 3,GBA,2003.0,Platform,2.93,1.25,0.83,0.2,,,
Professor Layton and the Curious Village,DS,2007.0,Puzzle,1.21,2.43,1.03,0.52,85.0,8.6,E
Super Mario Land 3: Wario Land,GB,1994.0,Platform,2.49,0.98,1.57,0.15,,,
FIFA Soccer 13,X360,2012.0,Action,1.09,3.47,0.03,0.57,90.0,6.1,E
Donkey Kong Country 2: Diddy's Kong Quest,SNES,1995.0,Platform,2.1,0.74,2.2,0.11,,,
Diablo III,PC,2012.0,Role-Playing,2.44,2.16,0.0,0.54,88.0,4,M
Medal of Honor: Rising Sun,PS2,2003.0,Shooter,1.98,2.23,0.13,0.8,68.0,7.6,T
Kirby's Dream Land,GB,1992.0,Platform,2.71,0.61,1.7,0.11,,,
Microsoft Flight Simulator,PC,1996.0,Simulation,3.22,1.69,0.0,0.2,,,
Guitar Hero II,PS2,2006.0,Misc,3.81,0.63,0.0,0.68,92.0,8.5,T
Fable III,X360,2010.0,Role-Playing,3.59,1.08,0.05,0.38,80.0,6.5,M
Mario & Sonic at the Olympic Games,DS,2008.0,Sports,1.63,2.45,0.44,0.57,,,
Resident Evil 5,PS3,2009.0,Action,1.96,1.41,1.08,0.64,84.0,7.5,M
The Legend of Zelda: Phantom Hourglass,DS,2007.0,Action,1.85,1.8,0.95,0.48,90.0,8,E
Super Mario Bros.,GB,1999.0,Platform,3.4,1.3,0.15,0.22,,,
FIFA Soccer 11,PS3,2010.0,Sports,0.61,3.28,0.06,1.12,89.0,8,E
Resident Evil,PS,1996.0,Action,2.05,1.16,1.11,0.73,91.0,9,M
Grand Theft Auto: Vice City Stories,PSP,2006.0,Action,1.7,1.99,0.16,1.18,86.0,8,M
Tony Hawk's Pro Skater,PS,1999.0,Sports,3.42,1.38,0.02,0.2,92.0,9.2,T
Warzone 2100,PS,1999.0,Strategy,2.79,1.89,0.0,0.33,,,
Spyro the Dragon,PS,1998.0,Platform,3.36,1.36,0.07,0.21,,,
Guitar Hero III: Legends of Rock,PS2,2007.0,Misc,3.49,0.01,0.01,1.48,82.0,8.2,T
Link's Crossbow Training,Wii,2007.0,Shooter,3.05,1.17,0.29,0.46,68.0,7.1,T
Pokemon Mystery Dungeon: Explorers of Time/Explorers of Darkness,DS,2007.0,Role-Playing,1.83,1.19,1.54,0.37,,,
Fallout 3,X360,2008.0,Role-Playing,3.4,0.99,0.09,0.45,93.0,8.5,M
Uncharted: Drake's Fortune,PS3,2007.0,Action,2.31,1.72,0.12,0.77,88.0,8.1,T
Madden NFL 06,PS2,2005.0,Sports,3.98,0.26,0.01,0.66,88.0,8,E
Diddy Kong Racing,N64,1997.0,Racing,2.91,0.99,0.89,0.1,,,
Monster Hunter Freedom 3,PSP,2010.0,Role-Playing,0.0,0.0,4.87,0.0,,,
Super Smash Bros. for Wii U and 3DS,WiiU,2014.0,Fighting,2.6,1.08,0.81,0.38,,,
Dr. Mario,NES,1990.0,Puzzle,2.62,0.6,1.52,0.1,,,
StarCraft II: Wings of Liberty,PC,2010.0,Strategy,2.57,1.68,0.0,0.58,93.0,8.2,T
Assassin's Creed,PS3,2007.0,Adventure,1.91,2.0,0.09,0.82,81.0,7.3,M
God of War III,PS3,2010.0,Action,2.74,1.33,0.12,0.61,92.0,8.7,M
Crash Team Racing,PS,1999.0,Racing,2.57,1.57,0.44,0.21,88.0,9,E
LEGO Star Wars: The Complete Saga,DS,2007.0,Action,2.83,1.48,0.0,0.45,80.0,5.4,E
Driver 2,PS,2000.0,Action,2.36,2.1,0.02,0.25,62.0,7.7,T
Batman: Arkham City,X360,2011.0,Action,2.99,1.27,0.04,0.42,94.0,8.7,T
The Last of Us,PS4,2014.0,Action,1.88,2.0,0.07,0.77,,,
The Simpsons: Hit & Run,PS2,2003.0,Racing,1.73,2.19,0.0,0.79,,,
Tony Hawk's Pro Skater 2,PS,2000.0,Sports,3.05,1.41,0.02,0.2,98.0,7.7,T
The Lord of the Rings: The Two Towers,PS2,2002.0,Action,1.94,1.95,0.08,0.7,82.0,8.2,T
Tomb Raider,PS,1996.0,Action,2.29,1.97,0.13,0.24,91.0,8.6,T
Animal Crossing: City Folk,Wii,2008.0,Simulation,1.82,1.12,1.32,0.36,73.0,7.6,E
Uncharted: The Nathan Drake Collection,PS4,2015.0,Action,2.07,1.71,0.08,0.76,86.0,8.1,T
The Legend of Zelda: A Link to the Past,SNES,1991.0,Action,2.42,0.91,1.15,0.13,,,
The Legend of Zelda: The Wind Waker,GC,2002.0,Action,2.6,0.99,0.89,0.13,96.0,8.9,E
Guitar Hero III: Legends of Rock,Wii,2007.0,Misc,3.04,1.11,0.0,0.43,86.0,8.4,T
Luigi's Mansion: Dark Moon,3DS,2013.0,Action,1.8,1.39,1.11,0.29,86.0,8.4,E
Forza Motorsport 4,X360,2011.0,Racing,2.08,1.97,0.06,0.46,91.0,8.2,E
Mario & Sonic at the Olympic Winter Games,Wii,2009.0,Sports,1.87,1.96,0.22,0.48,,,
Madden NFL 2005,PS2,2004.0,Sports,4.18,0.26,0.01,0.08,91.0,7.9,E
Guitar Hero III: Legends of Rock,X360,2007.0,Misc,3.19,0.91,0.01,0.42,85.0,7.9,T
Pitfall!,2600,1981.0,Platform,4.21,0.24,0.0,0.05,,,
Madden NFL 07,PS2,2006.0,Sports,3.63,0.24,0.01,0.61,84.0,8.2,E
Halo 5: Guardians,XOne,2015.0,Shooter,2.78,1.27,0.03,0.41,84.0,6.4,T
Spider-Man: The Movie,PS2,2002.0,Action,2.71,1.51,0.03,0.23,76.0,7.9,E
Dragon Quest VII: Warriors of Eden,PS,2000.0,Role-Playing,0.2,0.14,4.1,0.02,,,
Call of Duty: Infinite Warfare,PS4,2016.0,Shooter,1.61,2.0,0.15,0.71,77.0,3.4,M
God of War,PS2,2005.0,Action,2.71,1.29,0.02,0.43,94.0,8.9,M
Splatoon,WiiU,2015.0,Shooter,1.54,1.18,1.46,0.26,81.0,8.5,E10+
Nintendo Land,WiiU,2012.0,Misc,2.52,1.11,0.46,0.33,77.0,7.9,E10+
Tony Hawk's Pro Skater 3,PS2,2001.0,Sports,2.66,1.29,0.01,0.46,97.0,7.5,T
Winning Eleven: Pro Evolution Soccer 2007,PS2,2006.0,Sports,0.1,2.39,1.05,0.86,86.0,8.9,E
The Elder Scrolls IV: Oblivion,X360,2006.0,Role-Playing,2.82,1.03,0.13,0.4,94.0,8.7,M
Zelda II: The Adventure of Link,NES,1987.0,Adventure,2.19,0.5,1.61,0.08,,,
Need for Speed: Most Wanted,PS2,2005.0,Racing,2.03,1.79,0.08,0.47,82.0,9.1,T
Michael Jackson: The Experience,Wii,2010.0,Misc,2.64,1.33,0.01,0.39,56.0,8.3,E10+
Call of Duty: Advanced Warfare,PS3,2014.0,Shooter,1.56,1.93,0.19,0.68,,4.8,M
Resistance: Fall of Man,PS3,2006.0,Shooter,1.74,1.72,0.14,0.75,86.0,8.1,M
Sonic the Hedgehog,GEN,1991.0,Platform,3.03,0.91,0.26,0.13,,,
Kingdom Hearts II,PS2,2005.0,Role-Playing,2.2,0.58,1.38,0.17,87.0,9,E10+
The Legend of Zelda: Ocarina of Time,3DS,2011.0,Action,2.09,1.31,0.62,0.31,,,
Super Mario 3D World,WiiU,2013.0,Platform,2.11,1.16,0.73,0.32,93.0,9,E
Minecraft,PS4,2014.0,Misc,1.48,2.02,0.14,0.68,,,
Asteroids,2600,1980.0,Shooter,4.0,0.26,0.0,0.05,,,
Call of Duty: Advanced Warfare,X360,2014.0,Shooter,2.77,1.11,0.0,0.4,,4.9,M
FIFA 15,PS3,2014.0,Sports,0.58,3.02,0.04,0.64,,4.5,E
Fable II,X360,2008.0,Role-Playing,2.51,1.24,0.11,0.41,89.0,6.5,M
Namco Museum,GBA,2001.0,Misc,3.0,1.11,0.05,0.07,79.0,7.3,E
Batman: Arkham Asylum,PS3,2009.0,Action,2.24,1.31,0.07,0.61,91.0,8.9,T
Batman: Arkham Asylum,PS3,2009.0,Action,2.24,1.31,0.07,0.61,91.0,8.9,T
Metal Gear Solid 3: Snake Eater,PS2,2004.0,Action,1.46,0.0,0.83,1.93,91.0,9.3,M
Assassin's Creed: Revelations,PS3,2011.0,Action,1.41,2.01,0.1,0.7,80.0,7.5,M
Fallout 4,XOne,2015.0,Role-Playing,2.51,1.32,0.01,0.38,88.0,6.2,M
FIFA 14,X360,2013.0,Sports,0.92,2.89,0.01,0.4,84.0,4.2,E
Daxter,PSP,2006.0,Platform,2.45,1.01,0.0,0.75,85.0,8.7,E10+
Warcraft II: Tides of Darkness,PC,1995.0,Strategy,1.7,2.27,0.0,0.23,,,
FIFA Soccer 06,PS2,2005.0,Sports,0.78,2.55,0.04,0.84,80.0,7.8,E
EyeToy Play,PS2,2003.0,Misc,0.88,2.3,0.2,0.83,80.0,7.5,E
Gran Turismo 5 Prologue,PS3,2007.0,Racing,1.28,1.82,0.57,0.52,80.0,7.1,E
Assassin's Creed: Revelations,X360,2011.0,Action,2.25,1.47,0.04,0.43,80.0,7.2,M
FIFA 12,X360,2011.0,Sports,0.84,2.78,0.02,0.53,,,
Teenage Mutant Ninja Turtles,NES,1989.0,Action,3.38,0.44,0.31,0.04,,,
Street Fighter IV,PS3,2009.0,Fighting,2.03,1.04,0.58,0.52,94.0,7.3,T
Excitebike,NES,1984.0,Racing,2.04,0.48,1.57,0.07,,,
Frogger,PS,1997.0,Action,3.79,0.27,0.0,0.11,,,
Madden NFL 2003,PS2,2002.0,Sports,3.36,0.21,0.01,0.56,95.0,7.7,E
Half-Life,PC,1997.0,Shooter,4.03,0.0,0.09,0.0,96.0,9.1,M
Super Mario World 2: Yoshi's Island,SNES,1995.0,Platform,1.65,0.61,1.76,0.09,,,
FIFA Soccer 07,PS2,2006.0,Sports,0.71,2.48,0.03,0.89,,,
Street Fighter II Turbo,SNES,1992.0,Fighting,1.42,0.51,2.1,0.07,,,
World of Warcraft: The Burning Crusade,PC,2007.0,Role-Playing,2.57,1.52,0.0,0.0,91.0,7.9,T
Battlefield 1,PS4,2016.0,Shooter,1.1,2.15,0.21,0.61,88.0,8.4,M
God of War II,PS2,2007.0,Action,2.32,0.04,0.04,1.67,93.0,8.9,M
World Soccer Winning Eleven 9,PS2,2005.0,Sports,0.12,2.26,0.9,0.77,,8.2,E
Fallout: New Vegas,X360,2010.0,Role-Playing,2.66,1.03,0.04,0.33,84.0,8.1,M
Forza Motorsport 2,X360,2007.0,Racing,2.35,1.27,0.03,0.41,90.0,8.3,E
Carnival Games,Wii,2007.0,Misc,2.12,1.47,0.05,0.42,56.0,6,E
Watch Dogs,PS4,2014.0,Action,1.4,1.9,0.11,0.64,80.0,6.3,M
Namco Museum Vol.3,PS,1996.0,Misc,2.28,1.55,0.16,0.06,,,
Tekken Tag Tournament,PS2,2000.0,Fighting,1.68,1.51,0.51,0.35,85.0,8.5,T
Far Cry 4,PS4,2014.0,Shooter,1.13,2.18,0.1,0.63,85.0,7.7,M
Star Fox 64,N64,1997.0,Shooter,2.78,0.58,0.64,0.04,,,
Golf,NES,1984.0,Sports,1.22,0.28,2.46,0.04,,,
Namco Museum: 50th Anniversary,PS2,2005.0,Misc,2.08,1.35,0.0,0.54,61.0,tbd,E10+
Left 4 Dead 2,X360,2009.0,Shooter,2.67,0.87,0.05,0.38,89.0,8.6,M
The Witcher 3: Wild Hunt,PS4,2015.0,Role-Playing,1.02,2.13,0.23,0.59,92.0,9.2,M
Assassin's Creed: Unity,PS4,2014.0,Action,1.19,2.07,0.08,0.62,70.0,4.9,M
Batman: Arkham Knight,PS4,2015.0,Action,1.53,1.69,0.1,0.64,87.0,7.6,M
The Legend of Zelda: Skyward Sword,Wii,2011.0,Action,2.03,1.16,0.37,0.38,93.0,8,E10+
Fallout 3,PS3,2008.0,Role-Playing,2.15,1.13,0.07,0.59,90.0,8,M
Professor Layton and the Diabolical Box,DS,2007.0,Puzzle,0.9,1.76,0.92,0.37,84.0,8.8,E10+
Donkey Kong Land,GB,1994.0,Platform,1.97,0.76,1.07,0.11,,,
EA Sports Active,Wii,2009.0,Sports,2.09,1.35,0.06,0.4,81.0,8.7,E
Tony Hawk's Underground,PS2,2003.0,Sports,2.29,1.17,0.01,0.42,90.0,8.7,T
Monster Hunter 4 Ultimate,3DS,2014.0,Role-Playing,0.68,0.48,2.62,0.11,86.0,8.7,T
The Elder Scrolls V: Skyrim,PC,2011.0,Role-Playing,1.16,2.12,0.0,0.6,94.0,8.1,M
NBA 2K16,PS4,2015.0,Sports,2.49,0.66,0.03,0.69,87.0,6.7,E10+
Tekken 5,PS2,2005.0,Fighting,0.93,1.94,0.31,0.7,88.0,8.6,T
Dragon Warrior III,NES,1988.0,Role-Playing,0.1,0.0,3.77,0.0,,,
MotorStorm,PS3,2006.0,Racing,1.53,1.6,0.06,0.67,84.0,7.4,T
Nintendogs + cats,3DS,2011.0,Simulation,1.44,1.41,0.73,0.27,,,
World Soccer Winning Eleven 8 International,PS2,2004.0,Sports,0.16,1.89,1.12,0.68,91.0,9.1,E
Sports Champions,PS3,2010.0,Sports,2.13,1.12,0.1,0.5,76.0,7.9,E10+
Namco Museum Vol.1,PS,1995.0,Misc,2.12,1.44,0.22,0.06,,,
The Legend of Zelda: Link's Awakening,GB,1992.0,Action,2.21,0.96,0.54,0.13,,,
Call of Duty: Ghosts,PS4,2013.0,Shooter,1.78,1.43,0.05,0.57,78.0,3.7,M
Flash Focus: Vision Training in Minutes a Day,DS,2007.0,Misc,0.86,1.56,1.05,0.35,59.0,4,E
Tom Clancy's The Division,PS4,2016.0,Shooter,1.35,1.7,0.15,0.6,80.0,7,M
Big Brain Academy: Wii Degree,Wii,2007.0,Misc,1.05,1.91,0.41,0.42,68.0,6.9,E
Resident Evil Director's Cut,PS,1996.0,Action,1.82,1.24,0.47,0.25,,,
Mario & Luigi: Bowser's Inside Story,DS,2009.0,Role-Playing,2.23,0.47,0.81,0.26,,,
LEGO Indiana Jones: The Original Adventures,X360,2008.0,Action,2.4,1.01,0.0,0.36,77.0,7.5,E10+
The Sims: Unleashed,PC,2002.0,Simulation,2.03,1.56,0.0,0.17,79.0,8,T
Ratchet & Clank: Size Matters,PSP,2007.0,Platform,1.4,1.39,0.1,0.86,,,
Harry Potter and the Sorcerer's Stone,PS,2001.0,Action,1.37,2.0,0.14,0.22,64.0,7.5,E
Mario & Sonic at the London 2012 Olympic Games,Wii,2011.0,Sports,1.12,1.87,0.27,0.45,,,
Resident Evil 3: Nemesis,PS,1999.0,Action,1.3,0.77,1.54,0.11,,,
Super Paper Mario,Wii,2007.0,Platform,1.95,0.86,0.59,0.31,85.0,7.9,E
Spyro: Year of the Dragon,PS,2000.0,Platform,1.93,1.58,0.0,0.19,91.0,8.8,E
Assassin's Creed IV: Black Flag,PS3,2013.0,Action,1.33,1.68,0.13,0.57,88.0,8.1,M
FIFA Soccer 2005,PS2,2004.0,Sports,0.58,2.48,0.04,0.59,81.0,7.6,E
Pokémon Trading Card Game,GB,1998.0,Strategy,1.49,0.73,1.38,0.1,,,
Friend Collection,DS,2009.0,Misc,0.0,0.0,3.67,0.0,,,
Tony Hawk's Pro Skater 4,PS2,2002.0,Sports,2.13,1.18,0.01,0.35,94.0,8.5,T
Star Wars Battlefront (2015),XOne,2015.0,Shooter,2.04,1.28,0.02,0.32,,,
MySims,DS,2007.0,Simulation,1.58,1.59,0.08,0.41,67.0,7.3,E
Midnight Club 3: DUB Edition,PSP,2005.0,Racing,1.65,1.21,0.0,0.79,74.0,8.4,E10+
Banjo-Kazooie,N64,1998.0,Platform,1.87,1.13,0.55,0.1,,,
SOCOM: U.S. Navy SEALs,PS2,2002.0,Shooter,2.53,0.81,0.06,0.24,82.0,7.9,M
Jak and Daxter: The Precursor Legacy,PS2,2001.0,Platform,2.08,1.09,0.15,0.33,90.0,8.7,E
Pokemon Snap,N64,1999.0,Simulation,2.23,0.68,0.66,0.06,,,
Pro Evolution Soccer 2008,PS2,2007.0,Sports,0.05,0.0,0.64,2.93,82.0,7.9,E
Resident Evil 4,PS2,2005.0,Action,2.08,0.83,0.46,0.25,96.0,8.9,M
Guitar Hero: World Tour,Wii,2008.0,Misc,2.32,0.96,0.0,0.34,86.0,7.6,T
FIFA Soccer 10,PS3,2009.0,Sports,0.6,2.45,0.05,0.52,91.0,7.6,E
Star Wars: Battlefront,PS2,2004.0,Shooter,1.93,1.22,0.03,0.44,82.0,8.7,T
Doom II: Hell on Earth,PC,1994.0,Shooter,2.05,1.4,0.0,0.16,,,
The Simpsons: Road Rage,PS2,2001.0,Racing,2.02,1.17,0.0,0.42,64.0,7.7,T
Luigi's Mansion,GC,2001.0,Action,2.38,0.67,0.46,0.1,78.0,8.5,E
Battlefield 4,PS4,2013.0,Shooter,1.35,1.55,0.17,0.51,85.0,6.9,M
Star Wars: Battlefront II,PS2,2005.0,Shooter,2.18,1.02,0.03,0.37,84.0,9,T
Just Dance 2014,Wii,2013.0,Misc,1.88,1.39,0.0,0.31,,6.2,E10+
Cooking Mama 2: Dinner With Friends,DS,2007.0,Simulation,1.6,1.49,0.1,0.39,70.0,8,E
WWF SmackDown!,PS,2000.0,Fighting,2.01,1.35,0.06,0.16,,,
Croc: Legend of the Gobbos,PS,1997.0,Platform,1.57,1.79,0.0,0.2,,,
Grand Theft Auto: Liberty City Stories,PS2,2006.0,Action,1.56,1.4,0.07,0.5,78.0,7.8,M
The Getaway,PS2,2002.0,Action,1.23,1.77,0.05,0.49,72.0,6.8,M
Tomb Raider III: Adventures of Lara Croft,PS,1997.0,Action,1.66,1.58,0.12,0.18,,,
James Bond 007: Agent Under Fire,PS2,2001.0,Shooter,1.9,1.13,0.1,0.41,72.0,7.9,T
James Bond 007: Agent Under Fire,PS2,2001.0,Shooter,1.9,1.13,0.1,0.41,72.0,7.9,T
LEGO Star Wars: The Video Game,PS2,2005.0,Action,1.98,1.14,0.01,0.41,,,
Rugrats in Paris: The Movie,PS,2000.0,Action,1.96,1.33,0.0,0.23,,,
FIFA Soccer 11,X360,2010.0,Sports,0.71,2.39,0.02,0.4,88.0,7.5,E
Spyro 2: Ripto's Rage!,PS,1999.0,Platform,2.14,1.21,0.01,0.17,,,
Left 4 Dead,X360,2008.0,Shooter,2.66,0.49,0.05,0.3,89.0,7.9,M
Donkey Kong Country 3: Dixie Kong's Double Trouble!,SNES,1996.0,Platform,1.17,0.5,1.75,0.08,,,
Assassin's Creed: Unity,XOne,2014.0,Action,2.27,0.9,0.0,0.33,72.0,4.1,M
Kung Fu,NES,1985.0,Action,1.64,0.38,1.42,0.06,,,
Resident Evil 5,X360,2009.0,Action,2.11,0.93,0.12,0.34,83.0,7.5,M
Assassin's Creed: Brotherhood,X360,2010.0,Action,2.85,0.38,0.03,0.24,89.0,8.3,M
FIFA Soccer 2004,PS2,,Sports,0.59,2.36,0.04,0.51,84.0,6.4,E
Battlefield 4,PS3,2013.0,Shooter,1.3,1.42,0.27,0.5,80.0,5.8,M
Batman: Arkham Asylum,X360,2009.0,Action,2.2,0.95,0.02,0.31,92.0,8.7,T
Battlefield 4,X360,2013.0,Shooter,2.15,1.01,0.02,0.31,79.0,5.6,M
Battlefield: Bad Company 2,X360,2010.0,Shooter,2.1,1.01,0.04,0.32,88.0,8.6,M
Mario & Sonic at the Olympic Winter Games,DS,2009.0,Sports,1.21,1.62,0.27,0.37,,,
Guitar Hero: On Tour,DS,2008.0,Misc,2.1,1.01,0.01,0.35,71.0,8.8,E10+
Clubhouse Games,DS,2006.0,Misc,0.59,1.79,0.73,0.34,83.0,8.4,E
Monster Hunter 4,3DS,2013.0,Role-Playing,0.0,0.0,3.44,0.0,,,
Borderlands,X360,2009.0,Shooter,2.4,0.71,0.03,0.29,84.0,8.2,M
Tekken 4,PS2,2002.0,Fighting,1.55,1.27,0.33,0.29,79.0,8.3,T
Final Fantasy III,SNES,1994.0,Role-Playing,0.86,0.0,2.55,0.02,,,
Grand Theft Auto 2,PS,1998.0,Action,1.13,2.07,0.0,0.22,70.0,8,T
Metal Gear Solid V: The Phantom Pain,PS4,2015.0,Action,1.09,1.36,0.49,0.48,93.0,8.2,M
Spider-Man 2,PS2,2004.0,Action,1.75,1.2,0.02,0.43,80.0,8.9,T
F-1 Race,GB,1990.0,Racing,1.73,0.69,0.59,0.4,,,
FIFA Soccer 2003,PS2,2002.0,Sports,0.46,2.28,0.05,0.61,88.0,6.7,E
LittleBigPlanet 2,PS3,2011.0,Platform,1.83,1.05,0.06,0.46,91.0,8.4,E
Crash Bash,PS,2000.0,Misc,1.56,1.47,0.19,0.17,68.0,8.2,E
Assassin's Creed Syndicate,PS4,2015.0,Action,0.81,1.99,0.07,0.52,76.0,6.8,M
LEGO Batman: The Videogame,X360,2008.0,Action,2.04,1.02,0.0,0.32,76.0,7.9,E10+
Destiny,XOne,2014.0,Shooter,2.14,0.92,0.0,0.31,75.0,5.5,T
WWF War Zone,PS,1998.0,Fighting,2.47,0.76,0.0,0.13,,,
The Legend of Zelda: Majora's Mask,N64,2000.0,Action,1.9,0.67,0.73,0.06,,,
Far Cry 3,PS3,2012.0,Shooter,0.88,1.7,0.1,0.67,90.0,8.5,M
Rugrats: Search For Reptar,PS,1998.0,Adventure,1.63,1.53,0.0,0.18,,,
English Training: Have Fun Improving Your Skills!,DS,2006.0,Misc,0.0,0.99,2.32,0.02,,,
James Bond 007: Nightfire,PS2,2002.0,Shooter,1.45,1.29,0.12,0.46,77.0,8.5,T
Ratchet & Clank,PS2,2002.0,Platform,1.44,1.01,0.57,0.3,,,
Monster Hunter X,3DS,2015.0,Action,0.27,0.21,2.79,0.05,,,
Star Wars Episode III: Revenge of the Sith,PS2,2005.0,Action,1.47,1.39,0.03,0.43,60.0,7.2,T
The Legend of Zelda: Spirit Tracks,DS,2009.0,Action,1.4,0.91,0.74,0.26,87.0,7.8,E10+
Max Payne,PS2,2001.0,Shooter,1.99,1.05,0.05,0.22,80.0,8.5,M
Assassin's Creed IV: Black Flag,X360,2013.0,Action,1.9,1.11,0.01,0.29,86.0,7.9,M
The Lord of the Rings: The Return of the King,PS2,2003.0,Action,1.5,1.28,0.05,0.46,85.0,8.7,T
Yokai Watch 2 Ganso/Honke,3DS,2014.0,Role-Playing,0.09,0.0,3.18,0.01,,,
Gears of War: Ultimate Edition,XOne,2015.0,Shooter,2.61,0.33,0.0,0.34,82.0,7.5,M
True Crime: Streets of LA,PS2,2003.0,Action,1.89,1.05,0.02,0.31,77.0,8,M
Professor Layton and the Unwound Future,DS,2008.0,Puzzle,0.6,1.57,0.82,0.27,86.0,9.2,E10+
Gran Turismo (PSP),PSP,2009.0,Racing,0.5,1.58,0.31,0.87,,,
FIFA 16,XOne,2015.0,Sports,0.89,2.12,0.0,0.24,84.0,4.4,E
Wii Music,Wii,2008.0,Misc,1.35,1.11,0.46,0.32,63.0,4.6,E
Tekken,PS,1995.0,Fighting,0.95,1.3,0.77,0.22,,,
Madden NFL 16,PS4,2015.0,Sports,2.34,0.3,0.0,0.6,83.0,5.9,E
Gran Turismo 6,PS3,2013.0,Racing,0.72,1.67,0.4,0.44,81.0,7.7,E
Halo: The Master Chief Collection,XOne,2014.0,Shooter,1.91,1.0,0.03,0.29,85.0,7.2,M
007: Tomorrow Never Dies,PS,1999.0,Shooter,1.72,1.33,0.0,0.16,,,
Super Mario Maker,WiiU,2015.0,Platform,1.18,0.89,0.94,0.2,88.0,8.7,E
WWF SmackDown! 2: Know Your Role,PS,2000.0,Fighting,1.76,1.21,0.07,0.16,,,
Baseball,NES,1983.0,Sports,0.73,0.1,2.35,0.02,,,
Killer Instinct,SNES,1995.0,Fighting,2.26,0.72,0.12,0.1,,,
Dragon Quest VI: Maboroshi no Daichi,SNES,1995.0,Role-Playing,0.0,0.0,3.19,0.0,,,
God of War: Chains of Olympus,PSP,2008.0,Action,1.48,1.0,0.04,0.66,91.0,8.6,M
Enter the Matrix,PS2,2003.0,Action,1.78,1.12,0.09,0.19,62.0,8.1,T
Crisis Core: Final Fantasy VII,PSP,2007.0,Role-Playing,1.35,0.59,0.8,0.43,83.0,8,T
Dance Central,X360,2010.0,Misc,2.15,0.76,0.01,0.26,82.0,7.6,T
L.A. Noire,PS3,2011.0,Adventure,1.27,1.29,0.12,0.49,89.0,7.7,M
Ace Combat 04: Shattered Skies,PS2,2001.0,Simulation,2.06,0.56,0.38,0.17,89.0,9.1,E
Animal Crossing,GC,2001.0,Simulation,1.92,0.16,0.99,0.09,87.0,8.9,E
FIFA Soccer 08,PS2,2007.0,Sports,0.68,0.0,0.0,2.46,83.0,6.5,E
Club Penguin: Elite Penguin Force,DS,2008.0,Adventure,1.87,0.97,0.0,0.3,,8,E
Spider-Man,PS,2000.0,Action,1.7,1.25,0.02,0.16,87.0,9,E
Mario Party 9,Wii,2012.0,Misc,1.06,1.09,0.76,0.22,73.0,6.8,E
Need for Speed III: Hot Pursuit,PS,1998.0,Racing,2.14,0.86,0.0,0.13,88.0,,E
Star Wars Episode I Racer,N64,1999.0,Racing,2.31,0.62,0.14,0.04,,,
Sonic Rush,DS,2005.0,Platform,1.21,1.56,0.06,0.29,82.0,8.5,E
Dragon Warrior IV,NES,1990.0,Role-Playing,0.08,0.0,3.03,0.01,,,
Rhythm Heaven,DS,2008.0,Misc,0.55,unknown,1.93,0.13,83.0,9,E
Fallout: New Vegas,PS3,2010.0,Role-Playing,1.52,1.03,0.1,0.46,82.0,7.8,M
Personal Trainer: Cooking,DS,2006.0,Misc,0.9,1.0,1.03,0.17,81.0,7.8,E
The Elder Scrolls IV: Oblivion,PS3,2007.0,Role-Playing,1.69,0.85,0.14,0.43,93.0,8,M
The Legend of Zelda: A Link Between Worlds,3DS,2013.0,Action,1.4,1.01,0.46,0.23,91.0,8.9,E
Resident Evil 6,PS3,2012.0,Shooter,0.88,0.94,0.88,0.4,74.0,5.4,M
Mass Effect 2,X360,2010.0,Role-Playing,1.99,0.81,0.03,0.27,96.0,8.9,M
Dragon Ball Z: Budokai,PS2,2002.0,Fighting,2.17,0.28,0.55,0.08,67.0,7.9,T
Madden NFL 2002,PS2,2001.0,Sports,2.5,0.16,0.01,0.42,94.0,7.9,E
World Class Track Meet,NES,1986.0,Sports,1.92,0.45,0.64,0.07,,,
Donkey Kong,GB,1994.0,Platform,1.57,0.62,0.55,0.34,,,
The Sims: Vacation,PC,2002.0,Simulation,1.72,1.21,0.0,0.14,75.0,7.8,T
LEGO Batman: The Videogame,Wii,,Action,1.8,0.97,0.0,0.29,74.0,7.9,E10+
Animal Crossing: Happy Home Designer,3DS,2015.0,Simulation,0.51,1.02,1.4,0.12,66.0,6.9,E
The Sims 4,PC,2014.0,Simulation,1.0,1.82,0.0,0.23,70.0,3.9,T
Borderlands 2,X360,2012.0,Shooter,1.89,0.88,0.04,0.25,89.0,8.2,M
LEGO Batman: The Videogame,DS,2008.0,Action,1.75,1.01,0.0,0.29,72.0,8,E10+
Kung Fu Panda,X360,2008.0,Action,1.91,0.84,0.0,0.29,75.0,7.4,E10+
Mass Effect 3,X360,2012.0,Role-Playing,1.94,0.84,0.03,0.24,93.0,5.8,M
Heavy Rain,PS3,2010.0,Adventure,1.29,1.21,0.06,0.47,87.0,7.7,M
Rayman,PS,1995.0,Platform,1.54,1.33,0.0,0.16,,,
Saints Row 2,X360,2008.0,Action,1.94,0.79,unknown,0.28,81.0,8.1,M
Tom Clancy's Splinter Cell,XB,2002.0,Action,1.85,1.04,0.0,0.13,93.0,8.5,T
Mike Tyson's Punch-Out!!,NES,1987.0,Fighting,2.03,0.47,0.45,0.07,,,
WWE SmackDown! Shut Your Mouth,PS2,2002.0,Sports,1.45,1.13,0.07,0.38,,,
FIFA 14,PS4,2013.0,Sports,0.61,1.85,0.11,0.44,87.0,6.3,E
Killzone 2,PS3,2009.0,Shooter,1.4,1.06,0.08,0.47,91.0,8.1,M
Far Cry 3,X360,2012.0,Shooter,1.38,1.32,0.02,0.28,91.0,8.6,M
Epic Mickey,Wii,2010.0,Platform,2.04,0.63,0.12,0.22,73.0,7,E
NBA 2K13,X360,2012.0,Sports,2.6,0.2,0.01,0.19,88.0,7.2,E
Dragon Ball Z: Budokai Tenkaichi 3,PS2,2007.0,Fighting,1.15,0.0,0.76,1.09,73.0,9.2,T
wwe Smackdown vs. Raw 2006,PS2,,Fighting,1.57,1.02,0.0,0.41,,,
Star Fox,SNES,1993.0,Shooter,1.61,0.51,0.8,0.07,,,
The Sims: Livin Large,PC,2000.0,Misc,1.67,1.18,0.0,0.13,82.0,6.6,T
World Soccer Winning Eleven 6 International,PS2,2002.0,Sports,0.12,1.26,1.16,0.45,93.0,9.1,E
Devil May Cry,PS2,2001.0,Action,1.36,0.86,0.64,0.13,94.0,8.5,M
Star Wars: The Old Republic,PC,2011.0,Role-Playing,1.58,1.01,0.0,0.38,85.0,5.9,T
Middle-Earth: Shadow of Mordor,PS4,2014.0,Action,1.01,1.43,0.05,0.47,84.0,8.1,M
Sonic Heroes,PS2,2003.0,Platform,1.04,1.37,0.06,0.49,64.0,7.8,E
Hitman 2: Silent Assassin,PS2,2002.0,Action,1.36,1.15,0.04,0.41,85.0,7.8,M
Titanfall,XOne,2014.0,Shooter,1.84,0.8,0.04,0.27,86.0,6.4,M
Battlefield: Bad Company 2,PS3,2010.0,Shooter,1.33,1.1,0.08,0.44,88.0,8.5,M
Wave Race 64,N64,1996.0,Racing,1.98,0.58,0.34,0.04,,,
SOCOM II: U.S. Navy SEALs,PS2,2003.0,Shooter,2.22,0.51,0.06,0.15,87.0,9,M
WWE SmackDown! vs. RAW 2006,PS2,2005.0,Fighting,1.45,1.11,0.04,0.33,,,
Pac-Man Collection,GBA,2001.0,Puzzle,2.07,0.77,0.05,0.05,79.0,7.8,E
Street Fighter IV,X360,2009.0,Fighting,1.82,0.7,0.15,0.26,93.0,7.3,T
inFAMOUS,PS3,2009.0,Action,1.76,0.68,0.12,0.37,85.0,8.3,T
Kirby Super Star Ultra,DS,2008.0,Platform,1.55,0.04,1.19,0.15,76.0,8.8,E
Call of Duty: Ghosts,XOne,2013.0,Shooter,1.88,0.77,0.0,0.27,78.0,4.3,M
FIFA 15,X360,2014.0,Sports,0.79,1.92,0.0,0.21,,4.2,E
Super Mario World 2: Yoshi's Island,GBA,2002.0,Platform,1.75,0.45,0.62,0.09,,,
Mass Effect,X360,2007.0,Role-Playing,1.83,0.79,0.03,0.27,91.0,8.7,M
Sonic Mega Collection Plus,PS2,2004.0,Misc,1.54,1.14,0.0,0.22,73.0,8.6,E
